{
  "episodes": [
    1,
    2,
    3,
    4,
    5,
    6,
    7,
    8,
    9,
    10,
    11,
    12,
    13,
    14,
    15,
    16,
    17,
    18,
    19,
    20
  ],
  "allocations": {
    "BTC": [
      0.08531963728676961,
      0.08398894411882646,
      0.1914326277738136,
      0.07909724687579966,
      0.1591963339426217,
      0.14715273824180303,
      0.16010988561270675,
      0.32540493374960644,
      0.22919405247846272,
      0.245468585146608,
      0.27871928219944964,
      0.29423417088826687,
      0.3214601894692491,
      0.3245721771360186,
      0.3642048773698354,
      0.48176618287617123,
      0.40334200402994547,
      0.5069592342217788,
      0.5074762356572013,
      0.5354870274224635
    ],
    "ETH": [
      0.5106343668101062,
      0.47550612410063636,
      0.5316372346554337,
      0.600202090653979,
      0.50438004077228,
      0.4254774035046122,
      0.5262253143332025,
      0.3889885465917629,
      0.4184043006422394,
      0.3498213956606656,
      0.42440356474029467,
      0.40801330416408277,
      0.32335298899758935,
      0.3904074729685245,
      0.3580995065073507,
      0.31550730864094406,
      0.3918299953902896,
      0.2614587161958891,
      0.27848541574533736,
      0.3800397899809464
    ],
    "SOL": [
      0.4040459959031242,
      0.44050493178053723,
      0.2769301375707527,
      0.32070066247022133,
      0.3364236252850983,
      0.4273698582535848,
      0.3136648000540907,
      0.28560651965863065,
      0.3524016468792979,
      0.4047100191927264,
      0.2968771530602557,
      0.29775252494765037,
      0.3551868215331616,
      0.2850203498954569,
      0.2776956161228139,
      0.2027265084828847,
      0.2048280005797649,
      0.23158204958233208,
      0.2140383485974613,
      0.08447318259659015
    ]
  },
  "rewards": [
    0.035718611952214346,
    0.0520834297769454,
    0.07300090625477676,
    0.08794364429938681,
    0.1201144870569818,
    0.14816988612745785,
    0.1855885099910501,
    0.2113712121814484,
    0.2166670321222772,
    0.24478554873450276,
    0.25402888500731885,
    0.2747702753811683,
    0.28803394365896867,
    0.3127346607039988,
    0.32170212546230226,
    0.3439429033831796,
    0.35160417832839624,
    0.3561678683121282,
    0.38040663631472116,
    0.3939949217268601
  ]
}