{
  "episodes": [
    1,
    2,
    3,
    4,
    5,
    6,
    7,
    8,
    9,
    10,
    11,
    12,
    13,
    14,
    15,
    16,
    17,
    18,
    19,
    20
  ],
  "allocations": {
    "AAPL": [
      0.1482815442480243,
      0.2767930882430574,
      0.18823662053848847,
      0.20575084399457488,
      0.24645006872200104,
      0.2522460041395633,
      0.2979592155694044,
      0.2617296991860312,
      0.37941965530305344,
      0.34293674067632474,
      0.3708151732296695,
      0.34615292375731405,
      0.40208225104014766,
      0.36817405312388285,
      0.4066263856446304,
      0.5117105578511744,
      0.4410641206565229,
      0.4086758931588679,
      0.4428658888182444,
      0.519481188760856
    ],
    "TSLA": [
      0.506963522827243,
      0.4875066984680302,
      0.4650853311896159,
      0.45843503026362475,
      0.4185682598880345,
      0.4745777039995574,
      0.43106067778762,
      0.449966764878255,
      0.3906765333538023,
      0.38092650692015556,
      0.36673993812010075,
      0.31952335579438773,
      0.3044061181755252,
      0.36729795307516855,
      0.35934561607802323,
      0.4127664136949494,
      0.354659545111534,
      0.33348933218789173,
      0.31665398608293044,
      0.2958924472955785
    ],
    "MSFT": [
      0.3447549329247327,
      0.23570021328891244,
      0.34667804827189563,
      0.33581412574180036,
      0.3349816713899645,
      0.2731762918608793,
      0.2709801066429756,
      0.28830353593571384,
      0.22990381134314425,
      0.2761367524035197,
      0.26244488865022975,
      0.3343237204482983,
      0.2935116307843272,
      0.2645279938009486,
      0.23402799827734638,
      0.07552302845387626,
      0.20427633423194308,
      0.2578347746532405,
      0.24048012509882516,
      0.18462636394356546
    ]
  },
  "rewards": [
    0.028583374880540253,
    0.060487607328788856,
    0.06706264382487209,
    0.08030550011019214,
    0.10569903429342067,
    0.12663500845878575,
    0.1280556402959086,
    0.15300804861777859,
    0.17594095438992707,
    0.17409770596819765,
    0.19191302934360244,
    0.21683242084931814,
    0.23562436825503597,
    0.2613996403141027,
    0.28119784526768715,
    0.2934350567068523,
    0.30558260075237353,
    0.3296327496199936,
    0.36173878870934956,
    0.37750653935044487
  ]
}